Year,Alabama,Alaska,Arizona,Arkansas,California,Colorado,Connecticut,Delaware,Florida,Georgia,Idaho,Illinois,Indiana,Iowa,Kansas,Kentucky,Louisiana,Maine,Maryland,Massachusetts,Michigan,Minnesota,Mississippi,Missouri,Montana,Nebraska,Nevada,NewHampshire,NewJersey,NewMexico,NewYork,NorthCarolina,NorthDakota,Ohio,Oklahoma,Oregon,Pennsylvania,RhodeIsland,SouthCarolina,SouthDakota,Tennessee,Texas,Utah,Vermont,Virginia,Washington,WestVirginia,Wisconsin,Wyoming
1925,65,25.3,59.1,61.8,57.1,44.6,47.9,70.4,70.4,65,44.1,51.8,51.6,47.5,54.6,56.4,67.4,38.8,54,46.7,42.7,39.8,65.1,55,42.2,48.7,50,41.6,51.1,53.2,44,59.6,40.1,50.1,60.9,47.4,47.8,48.3,63.7,45,59.3,65.5,47.4,40.7,55.3,47.8,51.9,42,41.5
1926,62.9,29.8,59.6,60.3,58.8,44.7,45.7,69.3,69.3,63,44.2,50.4,50,47.1,54.1,54.8,66.2,37.1,52.2,44.3,40.8,38.8,63.5,53.8,42.5,48.9,51.5,39.3,48.9,52.5,41.7,58.4,40.2,48.8,59.3,48.1,46.2,45.9,62.4,45,57.4,64,48.6,38.2,54,47.9,50.5,40.2,41.4
1927,65.6,23.9,59.5,62,56.9,44.5,47.9,71.1,71.1,65.3,42.2,52,52,47.6,53.8,56.5,68.7,40.2,53.7,47.2,43.3,38.6,66,55,38.6,47.6,49.8,42.6,50.9,53.9,44.5,59.4,37.5,50.8,60.6,45.8,48.4,48.6,63.6,42.7,59.3,66.4,47.7,41.6,55.2,45.1,52.2,41.6,39.7
1928,62.5,26.9,59.6,60.1,57.7,43.9,47.8,69.2,69.2,62.7,42.3,51.4,50.6,48.2,54,54.7,65.8,39.3,53.3,46.8,42.8,40.5,63.2,54.4,41.2,48.5,50,42.3,50.8,52.7,44.4,58.1,40.7,49.9,59.9,46.5,47.9,48.1,61.9,45.2,57,64.5,47.7,41.3,54.3,46.4,50.8,42.3,39.9
1929,63.4,27.6,58.5,59.7,57.2,42.5,47.7,70.7,70.7,63.7,40.8,49.9,49.9,45.2,52.2,55,66.1,39.3,53.8,46.8,41.6,37.5,63.6,52.8,38.8,46.3,49.2,42,51.3,51.7,44.1,58.6,37.3,49.3,58.5,45.1,47.9,48.1,62.4,42.1,57.4,64,46.4,40.9,54.7,44.4,51.2,39.9,38.4
1930,63.3,25.3,58.5,60.8,56.9,43.6,48.6,69.2,69.2,62.9,41.6,52.6,52,49,54.4,56.4,66.1,40.7,54.5,47.8,44.2,41.2,63.8,55.2,41.6,48.8,48.7,43,51.7,52.2,45.2,58.6,40.8,51.2,60,45.4,48.8,49.5,62.1,45.6,58.1,64.2,46.2,42.2,55.3,45.2,51.9,43.4,40.1
1931,64.1,26.7,59.2,61.7,58.3,45,49.6,69.9,69.9,64.3,42.6,54.9,54.2,52,56.3,57.8,66.6,42.1,55.5,48.7,47,45,64.3,57.2,43.8,51.3,50.2,44.1,53.3,52.5,46.7,59.6,44.2,52.9,61.2,46.8,50.4,50,63.4,48.7,59.3,64.7,47.6,43.2,56.4,46.5,53.5,47,41.8
1932,64,23.9,58.4,61.2,56.9,43.7,48.8,71,71,64.6,40.9,52.1,51.9,47,53.6,56.6,66.8,40.9,54.7,47.6,44.1,39.6,64.3,54.9,40.5,47.7,48.1,43.2,52.2,51.6,45.4,60,39.4,51.3,59.7,45.6,49.2,49.2,63.9,44,58.7,63.9,45.9,42.3,56,45.5,52.8,42.2,39.2
1933,65.1,23,58.8,62.3,56.7,45.4,48.4,70.9,70.9,65,42.5,53.6,53.2,49.5,56.7,57.4,68.5,39.6,54.6,47.1,44.3,40.4,65.9,56.5,42,50.6,48.7,42.3,51.9,52.9,45.3,60.5,40.6,52,62,46,49.3,48.5,64.3,46.7,59.5,66.6,47.2,41.7,56.3,45.4,52.9,43.2,42
1934,63.4,26.4,61.7,62,59.7,48,47.2,69.8,69.8,63.5,46.9,53.2,52.4,50.2,57.5,56.5,67.1,38.6,53.3,46,43.3,41.4,64.6,56.6,44.9,52,53,41.3,50.5,55.3,43.7,58.8,42.8,51,62.1,49.9,48.1,47.2,62.6,48.2,58.4,66.5,51.3,40.2,54.9,49.1,51.8,43.4,44.5
1935,63.6,25.7,59,60.8,56.8,45.2,47.3,69.8,69.8,63.7,41.8,51.3,51.1,47.4,54.8,55.7,67,39.1,53,46,42.7,39.4,64.2,54.2,40.7,48.7,49.1,41.5,50.5,53,43.4,58.6,38.9,50,59.9,45.7,47.5,47.5,62.6,44.9,58,65,48,40.3,54.4,45.4,51.5,41.7,41
1936,63.8,26.4,60.3,61,58.6,45.4,47.7,70.1,70.1,63.8,42.9,51.9,51.5,47.3,55.2,56.3,66.3,39.4,53.4,46.5,42.4,37.9,64,55.4,40.7,48.4,50.4,41.9,51,53.3,44.3,58.6,38.1,50.3,60.8,47,47.8,47.9,62.6,43.7,58.3,64.1,48.8,40.9,54.9,45.9,51.7,41.1,41.2
1937,63.4,27.2,59.1,60,57.2,44.2,48.7,69.8,69.8,63.2,42,50.6,50.4,46.3,53.5,55.3,66.2,41.9,53.8,47.6,43.3,38.4,63.7,53.4,40,47.6,48.7,43.4,51.7,52.8,45.2,58.5,38.4,49.9,59.2,46,48.2,49,62.2,43.3,57.6,64.5,47.1,42.6,54.6,45.3,51.2,41.4,40
1938,64.5,26.8,59.3,62.6,57.3,45.1,48.9,70.2,70.2,64.3,43.4,54.1,53.5,50,56.8,57.5,67.4,41,54.8,47.8,45.2,41.6,65.2,57.3,42.3,50.8,49.1,43.5,52.2,53,45.8,59.8,41.3,52.3,61.9,47,49.4,49,63.5,46.6,59.4,65.9,48.1,42.6,55.9,47.1,53.1,44,41.7
1939,63.9,24.8,59.6,62,58.3,45.5,47.8,70.6,70.6,64.3,44.1,53.3,52.7,49.9,56.7,57.1,67.3,39.2,54.8,46.5,44.3,41.4,64.7,56.4,43.3,50.9,50.4,41.6,51.8,52.8,44.4,59.9,41.4,51.8,61.9,48,49.1,48,63.7,47.2,58.8,65.7,48.3,40.5,56,47.5,52.9,43.9,42.4
1940,61.2,29.2,60.9,58.6,58.8,45.5,45.8,68.2,68.2,61.5,44.9,50.5,50,46.6,53.5,54,64.4,39,51.6,44.7,42.4,39.7,61.6,52.9,42.3,48.6,51.4,40.6,48.9,53.1,42.2,57.1,40.4,48.7,58.5,48.5,46,46.2,60.8,44.8,55.7,63.5,49.6,39.3,53.1,48.1,50.1,41.4,42.5
1941,63.6,26.9,58.2,61.2,57.1,44.6,48.5,69.9,69.9,63.8,43.6,53.4,52.9,49.8,55,56.8,66.5,40.7,54.4,47.5,45.5,42.3,64.1,56.2,42.8,49.7,49,42.8,51.9,52.1,45.2,59.1,41.6,51.5,60.1,47.6,48.8,49,62.7,46.5,58.7,64.1,47.2,41.6,55.6,47.9,52.3,44.6,41.7
1942,62.5,27.2,59.2,60.4,57.1,43.9,48.3,69.4,69.4,62.9,41.6,51.7,51.5,47.6,53.9,55.7,65.6,40.9,54.2,47.2,44,40.8,63.3,54.4,40.9,48.2,48.9,43,51.5,52.6,45,59,40.3,50.6,59.5,46.2,48.4,48.6,62.6,44.7,57.5,63.9,47.1,42,55.2,46.4,51.8,42.8,40
1943,63.2,27.1,60.5,61.1,57.8,45.7,47.3,69.5,69.5,63.2,42.6,51,50.8,46.5,54.4,55.6,66.3,38.8,53.9,46.1,42.4,39,63.9,54,40.8,49,50.3,40.9,50.9,53.6,43.3,58.7,39.3,49.7,60.2,46.3,47.5,47.9,62.3,44.7,57.6,64.7,49.1,39.7,55.1,45.4,51.3,41.3,41.7
1944,63.6,27.5,58,61.1,56.2,43.9,48.3,70.2,70.2,63.4,41.7,52.3,52.2,48.1,54,56.3,66.9,40.5,53.9,47.1,44.6,41.5,64.2,54.7,41.3,47.8,47.3,42.1,51.5,51.8,44.7,58.5,40.4,51,60,45.9,48.5,48.9,62.4,44.2,58.1,64.4,46.2,41.1,55,46.5,51.7,43.8,39.6
1945,63.9,25.6,58.5,60.3,57.1,44.2,48.3,70.7,70.7,63.9,42.4,50.7,50.7,46.4,53.6,55.5,66.9,40.5,54,47.2,43,38.9,64,53.6,40.6,47.7,48.6,42.6,51.5,52.9,44.6,59.3,38.4,49.9,59.2,46.5,48.2,48.8,63.3,43.7,57.7,65.1,47.1,41.8,55.5,46.3,51.9,41.2,39.8
1946,64.1,24.5,59.3,62,56.7,45.6,48.9,71.2,71.2,64.3,42.8,53.7,53.3,49.3,56.7,57.3,67.2,40.7,54.9,47.8,45.1,40.7,64.6,56.7,41.9,50.4,49,43,52.6,53.6,45.8,59.7,40.4,52.1,61.7,46.2,49.5,49.3,63.6,46,58.9,65.7,48.2,42.4,56.1,45.9,53.1,43.8,41.9
1947,62.7,25.9,59.3,60.2,57.6,44.5,47.9,70.3,70.3,62.7,43.2,51.3,50.6,47.5,54.1,54.8,65.9,40.7,53.4,47.1,43.5,39.8,63,54.4,41.2,48.3,49.5,42.7,51.2,52.7,44.8,57.9,39.6,49.9,59.5,47.3,48.2,48.6,61.8,44.4,56.8,64,47.8,41.8,54.4,47,51.2,42.4,40.7
1948,63.4,23.4,58.6,59.9,55.7,43.8,47.8,71.6,71.6,63.8,41.4,51.7,51.5,47.8,53.6,55.7,66.5,40,53.6,46.7,43.8,40.2,63.7,54.1,40.5,48.3,47.8,42.3,51.3,52.5,44.7,59,39.4,50.6,58.9,44.5,48.2,48.4,62.8,44.5,57.7,64.6,46.5,41.4,55.1,44.3,52.1,42.6,40.2
1949,64.2,25.5,58.2,60.9,56.2,44.2,50.5,71.6,71.6,64.4,41.7,52.8,53,48,53.6,57,67.3,42.1,55.9,49.7,45.4,40.7,64.9,54.6,40,47.6,47.6,45.1,53.9,52.1,47.1,60.2,39.2,52.6,58.9,45.5,50.4,51.3,63.8,44.4,58.8,64.2,45.9,44.1,56.6,44.9,53.7,43.6,40
1950,63.1,26.1,60.5,59.8,58.1,45.2,47.9,70.3,70.3,63.3,42.3,49.8,50,44.8,53.2,54.5,66.8,40.3,53.4,47.1,41.9,36.5,63.7,52.9,38.2,46.3,50.6,42.7,51.1,54.2,44.2,58.8,34.9,49.4,59,46.2,47.4,48.7,62.5,40.9,57.1,65.4,47.9,41.6,54.8,44.3,51.4,39.5,40
1951,63.8,25.2,58.9,60.1,57.2,43.5,49,70.4,70.4,63.7,41.4,49.9,50.3,44.3,52,55,67,41.2,54.1,48,42.7,37.2,64.4,52.7,37.4,45.5,49.2,43.1,52.1,53,45,58.8,35.6,50,59.2,46.1,48.3,50,62.6,40.9,57.6,65.3,46.8,42.2,55,45.4,51.7,39.8,38.7
1952,63.4,25.4,58.8,61,56.8,44.3,49.4,70.3,70.3,63.9,41.8,52.6,52.5,47.8,54.8,56.5,66.3,41.8,54.6,48.4,44.8,41.2,64,55.2,41.1,48.6,48.6,43.7,52.5,52.7,45.9,59.3,40.6,51.6,60.6,46.1,49.1,50.2,63,44.7,58.5,65,46.8,42.8,55.7,46.1,52.6,43.1,40.8
1953,63.8,26.1,59.3,61.8,57.2,45.6,50.5,70.8,70.8,63.9,44.2,53.7,53.3,49.1,56.3,57.1,67.2,43.1,55.7,49.6,45.9,41.8,64.6,56.6,43.6,50.2,50,45.2,53.5,53.3,47,60,42.1,52.3,61.2,47.3,50.1,51.1,63.5,46.1,58.9,65.8,48.4,44.4,56.7,47.4,53.3,44.1,42.7
1954,64.2,24.6,60.9,62.8,57.6,47.4,48.7,70.1,70.1,64.1,43.2,53.7,53.1,49.3,57.2,56.9,67.5,40.5,54.6,47.5,44.2,40.9,65.1,57.1,41.5,50.8,50.4,42.7,52.2,54.9,45,59.1,40.8,51.6,62.6,46.2,48.8,49.3,63.3,46.1,59,66.6,49.3,41.6,55.6,45.1,52.3,43.2,43
1955,63.4,23.3,58.5,60.8,56.2,44.2,48.7,70.2,70.2,63.5,40.3,52.4,52.1,47.9,54.6,56,66.9,40.4,54.1,47.5,45.2,40,64.1,55,38.7,48.2,47.8,43,52.1,52.5,45.4,58.6,38.8,51.3,60.2,44.6,48.8,49,62.5,44.4,58.1,65.2,46.1,41.9,55,43.4,52,42.9,39.8
1956,63.6,21.8,59.5,61.4,57,45.1,47.6,69.9,69.9,63.8,42,52.7,52.1,48.1,55.9,56.1,67,39.3,53.8,46.4,43.4,39.6,64.4,55.7,41.1,49.3,49.2,41.5,51.3,53.4,43.8,59.1,39.1,50.6,61.6,46.1,47.9,48.2,63.1,44.6,58.6,66,47.9,40.6,55.3,45.3,51.9,42.1,41.1
1957,64,28.2,59.5,60.6,57.1,44.1,49.2,71,71,64.1,42.1,51.8,51.6,47.5,53.6,56.1,67.1,41.1,54.6,48.2,43.6,40.1,64.3,54.5,40.7,48,48.8,43.4,52.5,53.1,45.4,59.3,40.1,50.8,59,46,48.8,50,63.1,44.2,58.5,64.6,47.3,42.4,55.6,45.5,52.5,42.2,40.4
1958,61.2,27,60.4,58.8,58.9,45.5,46.6,69,69,61.8,44.5,50.1,49.5,46.9,53.1,53,64.9,39.6,52,45.7,42.9,40.6,61.7,53,42.6,47.9,51,41.3,50,53.2,43.1,56.8,40.6,48.4,58.7,49,46.3,47.4,60.7,45,55.6,63.4,49.2,40.2,53,49,49.4,42,42
1959,63,24.6,60.2,60,59,44.8,49.2,70.6,70.6,63.5,42.6,51.9,52,46.9,53.6,55.8,65.8,40.7,55.2,47.9,43.8,40.1,63.3,54.3,40.3,48,50.3,43.2,52.9,53,45.4,59.1,39.5,51.3,58.9,46.8,49.3,49.5,62.7,44.4,57.8,63.7,48.5,42.2,55.8,45.5,52.4,41.9,40.7
1960,61.5,26.7,59.6,58.9,58.1,44.2,48,69.3,69.3,62,42.3,50.3,50.1,46.1,52.7,53.6,65.1,41.2,52.9,46.9,43.3,39.8,62.1,53.1,41.1,47,50.1,42.7,51.1,52.3,44.3,57.2,39.6,49.2,58.4,46.5,47.2,48.5,61,43.7,55.8,63.7,48.1,41.7,53.6,45.7,50,42.1,41
1961,61.9,23.7,59.3,59.1,57.8,43.9,48.3,70,70,62.6,43.6,51.1,50.8,46.7,52.7,54.5,65.1,40.7,53.5,47,44.1,41.1,62.3,53.3,42.8,47.7,49.9,42.9,51.5,52.2,44.8,58,41.1,50,58.2,47.6,48,48.8,61.7,45.1,56.7,63.4,47.7,41.8,54.3,47,51,42.9,41
1962,63.1,26.8,59.8,60.3,57.4,45.1,46.8,69.8,69.8,63.1,42.4,50.9,50.5,46.5,54.3,54.7,66.5,39,52.5,45.6,42.9,39.8,63.7,54,41.5,48.2,49.6,41.1,50.2,53.3,43.5,57.6,39.8,49.4,59.8,46.4,46.9,47.1,61.8,44.3,57.2,65.1,47.9,40.1,53.5,46.2,50.6,41.6,41.1
1963,61.7,26.6,59.8,60.3,57.1,46.2,47.2,69.2,69.2,61.9,43.5,50.7,49.6,47.7,55.8,53.7,65.9,39.6,52.5,46.3,42.9,41.2,62.7,54.5,42.7,50.1,49.8,41.9,50.5,53.6,43.3,56.7,41.9,48.5,60.8,47.1,46.5,48.1,60.7,46.5,56.1,65.2,48.4,40.5,53.3,46.7,49.3,42.1,42.5
1964,62.4,23.3,57.8,60.7,56.6,43.6,48,70.1,70.1,62.6,40.6,52.5,52,48.5,54.9,55.6,66.1,40.1,53.8,46.8,44.7,40.9,63.2,55.1,40.5,48.6,48.1,42.2,51.6,51.7,44.9,58.1,39.8,50.9,60.1,45.3,48,48.5,61.7,44.9,57.4,64.7,46.1,41.6,54.5,44.8,51.3,43.4,39.6
1965,63,24.7,58.5,61,56.7,44.2,47.5,70.2,70.2,63.1,42.5,52,51.6,46.7,54.5,55.6,66.8,39.3,53.5,46.3,43,38.3,63.9,55,39.7,47.8,48.7,41.6,51.1,52.6,43.7,58.2,37.6,50.4,60.4,46.9,47.6,48,62.2,43.3,57.8,65.1,47.1,40.5,54.6,46.7,51.5,41.3,40.2
1966,61.6,23.8,59.5,59.2,58,44.6,48,69,69,61.7,43.5,50.6,50.2,46.4,53.5,53.8,65.2,41.1,52.9,46.9,43.3,38.6,62.2,53.4,41.1,47.5,50.1,42.3,51.1,52.6,44.1,56.9,38.1,49.1,58.6,47.4,47.3,48.7,60.7,43.3,56.2,63.5,48.1,41.3,53.3,46.9,50,41.5,41.2
1967,61.9,27.1,59,59.9,57.5,44.8,47.1,70.2,70.2,62.4,43.6,50.6,50.3,46.6,53.9,54.4,65.8,39.4,52.4,46,42.6,38.9,62.6,53.7,41.5,48,49.6,41.6,50.3,53,43.8,57.2,39.3,49.5,59.5,47.8,47,47.7,61.1,44.2,56.7,64.9,47.5,40.7,53.4,47.8,50.4,40.9,40.8
1968,61,25.4,58.7,58.7,57.6,43.6,47.7,68.6,68.6,61.6,42.3,51.1,50.7,47.6,53.5,54,64.4,39.8,53.4,46.5,44,40.6,61.5,53.4,40.7,48,49.6,41.8,51.3,52,43.9,57.2,39.5,49.7,58.2,47.2,47.6,48.3,60.8,44.2,56.1,63.1,46.5,40.8,53.8,46.3,50.3,43,39.8
1969,61.4,27,59.7,59.5,57.5,44.7,48,69,69,61.7,42.8,50.4,50.1,46.1,53.1,53.9,65.6,40.9,53,47.1,43.4,39.5,62.3,53.4,39.9,47.4,49.7,42.7,51.3,53.2,44.2,57,38.7,49.4,59.1,46.5,47.5,48.8,60.7,43.6,56.1,64.5,48,41.5,53.5,45.5,50.1,41.7,41.1
1970,62.1,25.2,59,59.7,57.8,44.3,47.8,69.4,69.4,62.8,42.5,51.2,51,46.9,54,55,65.3,40.1,53.7,46.7,43.6,39.1,62.6,54.1,40.4,48.3,49.3,42.3,51.4,52.3,44.1,58.4,38.4,50.6,59.3,46.7,48.1,48.4,62.3,43.6,57.1,63.7,47.5,41,54.8,46,51.6,42.1,40.3
1971,62.7,22.3,58.2,60.5,56.2,44.1,48.3,70.4,70.4,63.3,41.7,52.2,51.6,47.4,53.8,55.4,66.5,40,54,47,44,39.6,63.4,54.8,40.4,48,48.4,42.2,52,52.2,44.3,58.7,39.1,50.6,59.5,45.8,48.2,49.1,62.4,43.7,57.7,64.9,46.6,41,54.9,45.4,51.5,42,40
1972,63,23.6,59.6,60,57.3,44.6,47.3,71,71,63.5,42.1,50.3,50.2,45.5,53.2,54.7,66.5,38.5,53.1,45.9,41.7,37.7,63.5,53.7,39.6,47.2,49.4,41.2,51,53,43.1,58,37.6,49.4,59.2,46.3,47.2,48.1,62.1,42.6,57.2,64.4,48.1,40.1,54.2,45.3,50.9,40,40.2
1973,63.1,24.6,58.4,60.6,57.3,43.4,50.1,70.3,70.3,63.4,42.8,53,52.9,48.7,54,56.3,66.2,42.3,55.1,49,45.6,42.3,63.7,55.2,42,48.7,49.3,44.4,53.4,51.5,46.4,59,41.8,52.2,59,47.3,49.7,50.8,62.6,46,58.3,63.7,46.2,43.4,55.6,46.5,52.7,44.3,39.8
1974,63.1,23.7,59.5,60.3,57.6,44.4,48.2,70.9,70.9,63.8,43,51.6,51.3,47.6,54.4,55.5,66.5,39.6,54.2,47.1,43.3,40.2,63.5,54.4,42.4,49.2,50.1,42.3,52.1,52.8,44.2,59,39.9,50.4,59.6,47,48.2,49.1,63,46,57.7,64.5,47.7,41.2,55.3,46.7,51.8,42.2,41.2
1975,62.8,23,57.9,59.9,56.3,43.5,49.1,71.2,71.2,63.7,41.2,52,52,47.4,53.7,55.8,66.1,40.8,54.6,48,44.6,40.1,63.3,54.6,39.3,47.7,48.3,43.3,52.8,51.4,45.5,59.3,39.4,51.1,58.7,45.8,48.9,49.9,63.1,44,57.8,63.8,45.7,42.5,55.4,45.2,52.3,42.6,39.4
1976,60.7,25.8,59,58.8,57.5,44.7,47.6,69,69,61.5,42.1,50.4,50,47.4,54.2,53.3,64.3,39.5,53.2,46.6,42.6,40.5,61.4,53.6,42.7,49,49.5,41.7,51.1,51.9,43.2,57.3,41.3,48.9,58.6,46.4,46.8,48.3,60.9,46.2,55.5,62.8,47.5,40.5,53.8,45.9,49.8,41.4,41.3
1977,62.5,27,60.2,60.8,58,46.3,48.2,69.4,69.4,62.9,43,51.5,51,48.4,55.5,54.8,66.1,40.5,53.9,47.1,44,41.2,63.3,54.9,41.6,49.8,50.3,42.7,51.8,53.7,44.5,58.3,41.1,50,60.7,47,47.9,49.2,62.2,45.6,57.3,65.3,48.9,41.9,54.8,46.2,50.9,42.9,42
1978,61.9,29.1,59.8,58.9,57.6,44.5,46.7,69.7,69.7,62.6,42.4,49.6,49.1,45.3,52.7,53.4,65.1,39.3,52.5,45.7,42.4,39,62.2,52.6,38.9,46.1,49.4,41.2,50.2,53.2,42.9,57.4,38.1,48.3,58.5,46.5,46.4,47.4,61.6,42.2,56.2,63.8,47.9,40,53.6,45.9,49.9,41,39.4
1979,61.4,27.6,58.8,58,57.7,43.5,48.8,69.9,69.9,62.3,42.4,49.4,49.2,45.1,52.3,53.4,64.5,41.8,53.1,47.9,42.4,37.8,61.6,52.1,40.2,46.5,49.6,43.5,51.6,51.8,44.6,57.6,37.2,48.9,57.4,46.9,47.5,49.7,61.5,42.6,55.8,62.9,46.6,42.4,53.8,46.4,50.2,40.4,40
1980,62.5,26.5,60.2,60.5,58.1,45.6,47.9,69.9,69.9,63,43.3,51.3,50.5,48,55.1,54.6,66.1,39.5,53.5,46.6,42.9,40.7,63.1,55,42.1,49.5,50.4,41.7,51.6,53.6,43.6,57.9,41.2,49.3,60.5,47,47.3,48.5,61.9,46.2,57.3,65,48.5,40.6,54.4,46.1,50.5,42.2,41.9
1981,62,29.2,61.3,60.2,59.3,47.1,48.4,69.3,69.3,62.4,44.3,51.8,50.8,49,55.7,54.3,66.1,41.8,53.1,47.2,44,42.6,63.1,54.9,44,50.5,51.8,43.3,51.5,54.4,44.7,57.2,43.2,49.6,60.5,47.8,47.5,48.9,61.2,47.5,56.7,65,50,42.2,53.7,47.3,50,43.5,43.7
1982,63.3,25.3,58.7,60,56.3,44.1,47.9,71.5,71.5,63.9,41.1,50.7,50.7,46.1,53,55.3,66.7,39.9,53.6,46.8,43.2,39,63.8,53.5,39,47,48.1,42,51.4,52.6,44.4,58.6,37.8,50.3,59,45.4,47.9,48.6,62.7,43,57.6,64.7,46.4,41.3,54.7,45.5,51.6,41.4,39.8
1983,61.2,26.9,59.2,58.9,57.6,44.4,49.4,69.3,69.3,61.9,42.9,52,51.8,47.7,53.2,55.1,64.4,42.1,54.2,48.5,44.7,41.4,61.7,54,41.8,47.9,49.5,44,52.6,52.5,45.5,57.9,41.1,51.1,58,46.9,48.7,50.3,61.3,45,56.7,63.4,47.8,42.6,54.5,46.7,51.2,43.4,40.9
1984,62.8,25.3,59.4,60.1,58.2,43.7,49,70,70,63.3,40.8,51.8,51.3,47.8,54,55.3,66.3,41.4,54.2,48,44.3,41.3,63.3,54.4,41.7,48.2,48.8,43.6,52.2,52.4,45.2,58.6,41,50.4,59.4,45.6,48.2,49.8,62.4,45.1,57.5,64.8,45.9,42.5,55,45.3,51.6,43.2,39.9
1985,62.8,26.3,59.6,59.8,57.3,44.1,48.7,70.8,70.8,63.8,39.7,50.6,51,45.9,52.5,55,66.4,39.9,54.8,47.2,43.5,38.7,63.2,53,39.1,46.8,48.7,42.4,52.5,52.8,44.7,59.2,38.2,50.4,58.7,44.6,48.5,49.2,63,42.9,57.3,64.4,47,41.5,55.4,43.9,51.6,41.4,39.2
1986,64.1,26.9,60.6,61.5,58.9,46.3,48.5,71.5,71.5,65,44.1,52.8,52.4,48.6,56.2,56.6,67.3,40.1,54.6,47.2,44.5,41.5,64.6,55.9,43,50.3,51.5,42.7,52.3,53.6,45.1,59.8,41.7,51.6,60.8,48.1,48.8,49,64.1,45.8,58.8,65.5,49.3,41.8,55.7,47.3,52.3,43.3,42.3
1987,63,27.5,59.3,61,58.3,45.3,48.8,70.2,70.2,63.3,44.5,54.1,53.2,51.2,55.5,56.5,66,41.1,54.7,47.4,46.9,45.3,63.5,56.3,44.6,50.8,50.6,43.1,52.4,51.9,45.7,58.5,45,52.3,59.6,48.4,49.2,49.1,62.3,48.6,58.4,63.8,48.4,42.2,55.2,48.3,52.3,46.3,42.5
1988,62.1,27.1,60.2,59.8,58.8,45.1,48.3,69.7,69.7,62.4,44.2,52.1,51.3,48.7,54.7,54.8,65.6,40.9,53.7,47.2,44.5,41.6,62.7,54.6,44.1,49.6,50.7,42.7,51.6,52.6,44.8,57.3,42.4,50.4,59.2,47.9,48.1,49,61.2,46.7,56.7,64.3,48.5,41.8,53.9,47.3,50.9,43.4,42.8
1989,62.2,26.8,61.2,59,58.1,45.4,47.9,71,71,63.2,42.8,50.4,50.2,46.6,53.1,54.3,65.5,39.3,53.5,46.7,42.6,39.1,62.4,53,40.8,48,50.1,41.7,51.5,54,43.8,58.2,39.4,49.4,58.1,46.5,47.5,48.6,62.3,44.3,56.6,64.3,48.6,40.7,54.4,46.6,50.9,41.1,41.2
1990,64.9,25.4,59.7,61.8,58,45.6,51.1,72.5,72.5,65.7,43.5,53.6,53.3,49.5,55.5,57.3,67.8,42.4,56.6,49.7,45.7,42.5,65.1,56.2,42.8,50,50,45,54.5,53.3,47.3,61.1,42.6,52.7,60.7,47.4,50.7,51.5,65,46.9,59.4,65.6,48.7,44.1,57.4,47.3,53.9,44.5,41.9
1991,64,27,59.3,61.3,58.1,45,51,71.8,71.8,64.5,43.3,53.7,53.7,48.6,55.7,57.4,66.9,41.7,56.5,49.6,45.8,41.7,64.3,56.1,42.9,50.1,49.9,44.5,54.4,52.5,47.1,60.2,42.3,53.1,60.3,47.6,50.7,51.4,63.8,46.8,59.1,64.8,47.5,43.5,57,47.1,53.9,43.7,41.7
1992,62.1,25,59.6,59.9,59.3,45.3,47.7,70.3,70.3,62.7,45,51.9,51.3,47.8,54.2,55.1,65.8,39.8,53.5,46.4,43.4,40.9,62.8,54.5,43.5,48.9,51.4,41.8,51.2,52.6,43.8,58.2,41.2,50.3,59.3,49.4,47.7,48.4,61.9,45.6,57,64.4,49,40.6,54.4,48.6,51.3,42.7,42.5
1993,62.3,29.9,59.8,59.3,57.7,43.8,48.7,70.3,70.3,63.2,40.9,50.9,50.8,45.7,51.9,55,65.6,40,54.2,47.3,43.3,38.9,62.7,53,39.6,46,48.6,42.5,52.2,53.1,44.2,58.7,38.3,50.4,58.1,45.5,48.2,49.3,62.6,42.3,57.2,64.1,46.8,41.2,55.1,45.6,51.9,41.7,38.9
1994,63.1,26.2,60.6,60.4,58,46.5,48.9,71.6,71.6,63.6,44.3,52,51.5,47.5,54.9,55.4,66.5,40.4,54.4,47.7,43.9,40.9,63.5,54.7,42.7,49.2,50.8,42.7,52.2,54.4,44.3,59,40,50.5,59.7,47.9,48,49.6,62.8,44.9,57.6,65.6,49.7,41.3,55.3,47.9,51.8,43,42.9
1995,63,27.8,61,60.5,58.9,45.7,49,70.8,70.8,63.5,43.7,51.6,51.5,47.3,53.9,55.4,66.8,40.9,54.4,47.8,44.2,40.3,63.6,54.2,41.7,48.6,50.9,43.3,52.5,54.3,45.2,58.4,39.6,50.3,59.4,48.1,48.5,49.9,62.5,44.7,57.4,65.2,49.2,42.3,55,47.5,51.6,42.8,41.7
1996,62.1,25.1,61.9,59.6,59.6,45.8,48.4,69.9,69.9,62.7,43.2,50.1,50.1,45.2,53.1,54.4,66.2,41,53.2,47.3,42.5,37.6,63,52.9,39.2,46.6,51.5,43,51.5,54.7,44.5,57.8,36.5,49.5,59,47.6,47.6,49.1,61.8,41.6,56.6,65.4,49.6,42,54,45.6,50.7,40.5,41
1997,62.4,28.1,60.5,59.7,59.1,44.8,48.6,71.1,71.1,63.2,43.2,51,50.5,47.1,53.7,54.5,66,39.8,54,47.4,43.5,40.6,62.9,53.7,42.2,48.6,50.6,42.3,52.1,52.9,44.3,58.1,40.7,49.9,58.7,47.8,48,49.4,62.2,44.8,56.8,63.9,48.2,41.1,54.5,47.1,51,42.6,41.2
1998,65.1,28.4,59.3,63.1,56.7,46.3,51.6,72.5,72.5,65.7,44.3,55.2,55,50.9,56.3,58.2,68.6,43.5,57,50.4,48.3,44.9,65.9,57.2,43.9,50.6,49.2,46,55.2,54.2,48.3,60.8,43.2,54.1,62.1,47.8,51.8,52,64.7,47.4,60.2,67,48.3,45.2,57.4,48.6,54.2,47.3,42.5
1999,64.1,24,60.8,62.2,58,46.6,50.9,71.2,71.2,64.5,43.6,53.5,53.2,49.7,56,57.3,67.9,43.8,55.7,49.8,46.4,43.7,65,56.4,44,51,50.6,45.4,54.1,54.3,46.9,59.7,43,52.3,61.3,47.2,50,51.8,63.4,47.8,59.3,66.6,49.2,44.3,56.3,46.9,53,45.4,43.2
2000,63.6,28.4,61.7,60.9,58.8,47,48.5,70.6,70.6,63.4,43.9,52.2,51.6,48.6,55.5,55.7,67.2,40.9,54.1,47.5,45,41.8,64.2,55.2,42.4,49.9,51.5,43,52.2,55.2,44.9,58.4,41.1,50.8,60.3,47.5,48.5,49.5,62.2,46,58,66.5,50.2,41.8,54.9,46.2,51.8,43.9,42.5
2001,63,27.3,61.2,61.2,59.1,46.9,50.2,70.9,70.9,63.9,44.2,53.4,53.2,49.1,55.9,56.6,66.7,42.7,55.3,49.1,46.8,43.1,63.7,55.8,43.7,50.3,51.6,44.6,53.6,54.6,46.9,59.4,42.2,52.4,60.8,47.8,49.9,51.1,63.3,46.5,58.3,65.7,50,43.8,55.8,46.9,52.7,45.3,43.2
2002,63.6,30.1,61.2,60.6,58.9,46.1,50.5,71.3,71.3,64.4,43,53.2,53.1,49.2,55.2,56.8,66.6,41.7,56.3,49.3,45.7,42,64,55.3,41.4,50,50.8,44.5,54.3,54.4,46.8,60,41,52.5,59.4,47.7,50.3,51.2,63.7,46.2,58.7,65,48.8,43.6,56.6,46.9,53.2,44.6,41.4
2003,62.7,29.1,61.9,60.3,59.4,47,48.2,70.9,70.9,63.3,45.4,51.7,51.1,47.9,55,55.2,66.4,40.5,53.9,47.1,44,41.5,63.3,54.5,43.3,49.8,52.2,42.5,51.8,55.5,44.5,58.7,40.8,50.2,59.9,49,48,49,62.4,46.1,57.5,65.5,50.6,41.5,55,48.2,51.6,43.2,43.1
2004,63.3,29.3,60.4,61,58.9,45.8,48.8,70.8,70.8,64,44.2,52.6,52.2,48.5,55.1,56.4,67.1,40.4,55.2,47.6,44.6,41.3,64,55,42.8,49.8,50.8,43,53,53.5,45.2,59.3,40.5,51.3,60.2,48.5,49.1,49.3,63.2,46.3,58.5,65.2,48.7,41.8,55.9,48.4,52.7,43.5,42.4
2005,63.4,29.2,61.1,62,58.6,46.8,49.5,70.8,70.8,63.8,43.6,53.7,52.9,49.6,55.9,56.8,67.5,41.8,55.2,48.4,46,43.1,64.3,56.2,43.1,50.7,50.7,44,53.5,54.7,46.2,59.4,42.4,51.8,60.8,47.7,49.5,50.1,63.1,47.3,58.8,66,49.3,43.4,55.9,47.3,52.8,45.1,42.8
2006,64.2,26.4,61.1,62,58.6,46.5,51.1,71.4,71.4,64.6,44.2,54,53.4,50.4,56.9,56.8,67.8,44,56.5,50.1,47,44.4,64.8,56.8,44.4,51.1,50.8,45.8,55,54.7,47.6,59.8,43.8,52.7,62.2,48,50.8,51.8,63.6,48.1,58.9,67.1,49.2,45.1,56.6,47.5,53,46,43.2
2007,64.4,28.1,61.6,61.8,58.9,46.2,49.5,71.8,71.8,64.8,44.8,53.7,53.3,48.9,55.1,57.7,67.4,40.7,55.7,48.3,46.1,42.4,65,56.2,44,50,51.5,43.1,53.6,54.2,45.7,60.5,41.8,52.3,60.1,47.8,49.5,50.3,64.3,46.8,59.9,64.8,49.9,42.2,56.8,46.8,53.3,44.7,43.3
2008,62.9,25.1,60.6,59.9,58.9,44.9,49.7,70.8,70.8,63.5,42.5,50.9,51,45.9,53.6,55.4,66.6,41.6,55.3,48.6,44,39.4,63.3,53.4,41.4,47.7,50.4,43.9,53.6,53.6,45.8,59.3,39.3,50.6,59.6,46.8,48.9,50.8,63,43.8,57.6,65.5,48.1,43.1,55.7,45.8,51.8,41.8,40.7
2009,62.9,26.8,61.1,59.9,58.8,45.2,48.8,71.2,71.2,63.4,42.8,51.4,51.3,46.7,53.6,55.4,66.9,40.9,54.6,47.7,43.8,40.1,63.6,54,41.1,47.6,50.4,43,52.7,54.3,45,58.9,38.5,50.5,59.4,47.3,48.4,49.8,62.7,43.6,57.6,65.8,48.4,42.3,55.2,46.4,51.7,42.4,40.9
2010,62.7,27.4,60.4,61.2,57.7,46.2,51.4,69.2,69.2,63,43.3,52.9,52.6,48.2,55.3,56,66.5,44.6,55.9,50.4,47.1,42.8,63.5,55.2,41.6,49.3,50.1,46,54.7,54.2,47.3,59,40.9,51.7,60.3,47.1,50.1,52,62.6,45.1,57.9,65.1,48.3,44.9,55.9,47.1,52.1,45.5,42
2011,63.8,27,60.3,61.8,57.4,45.4,50.9,71.7,71.7,64.6,42.4,53.2,53.1,48.4,55.2,56.9,67.7,42.8,56.5,49.7,45.6,42,64.5,55.6,41.6,48.8,49.6,44.9,54.9,54.6,47.1,60.4,40.7,52.3,61.6,46.3,50.4,51.6,64.1,44.8,58.9,67.3,47.6,44.3,57,45.5,53.5,44.1,41.1
2012,64.9,24.3,62.1,63.6,59.5,48.3,52.5,71.9,71.9,65.5,45.1,55.8,55.1,52.1,58.2,58.4,68.7,43.9,57.5,51.3,48.4,45.2,65.7,58.6,44.5,52.7,52.4,46.6,55.9,56,48.8,60.7,44.1,54,63.2,48,51.8,52.9,64.5,49.3,60.3,67.8,50.9,45.9,57.6,47.1,54.3,47.4,44.8
2013,62.6,27.8,60.5,59.6,59.3,45.1,49.8,71.7,71.7,63.4,43.7,51.1,51.2,46.7,53.7,55,66.3,42,54.7,48.8,44.1,39.3,63.1,53.6,42.4,48.5,50.5,44.2,53.2,53.7,45.7,58.6,38.8,50.9,58.8,47.6,49,50.7,62.3,44,57.1,65.1,47.8,43.2,55.1,47.2,51.8,41.8,41.7
2014,62,30.3,62.3,58.7,61.5,46.1,48.7,70.6,70.6,63,45.1,49.5,49.4,45.5,53.7,54.3,65.1,41.2,53.6,47.7,41.9,38.6,62.3,52.9,41.9,48,53,43.1,51.9,54.8,44.5,58.4,39,49.2,58.9,49.6,47.4,49.7,62.2,43.7,56.6,64.9,50.4,42,54.4,48.4,50.8,40.2,42.1
2015,64.6,30,61.8,61.4,60.8,47.4,49.8,73.4,73.4,65.3,46.4,52.9,52.3,49.3,56.3,56.6,68.1,41.2,55.4,48.5,45.1,43.5,65.3,55.8,44.9,50.8,52.9,43.6,53.9,54.9,45.7,60.5,43.4,51.6,60.8,50.4,49.5,50.4,64.5,47.5,59,65.8,50.7,42.6,56.5,50,53.1,44.8,44.2
2016,65.3,31.9,62.2,62.8,60.1,47.3,51.8,72.5,72.5,65.8,45.1,54.7,54.2,50.7,57.2,57.9,68.7,43.3,56.5,50.3,47.4,44.6,65.9,57.4,44.6,51.7,51.9,45.7,55,55.5,47.6,60.8,44.4,53.6,62.3,48.8,50.9,52.2,64.9,48.4,60.3,67.2,50.2,44.7,57.1,48.6,54.1,46.2,43.9
2017,65,29.3,63,62.5,60.3,47.9,50.9,72.8,72.8,65.8,44.3,54.4,54,50,56.5,57.8,68.7,42.4,56.7,49.6,46.3,42.6,65.8,57.2,43.2,50.7,52.2,44.9,54.6,56.4,46.9,61,42,53.2,61.8,48,50.6,51.5,65.1,46.8,60,67.3,50.7,43.8,57.3,46.8,54,44.7,43.2
2018,64.5,30.4,62.3,61.2,60.1,47.2,50.8,72.3,72.3,65.1,44.5,52.5,52.6,47.5,54.6,57,67.8,41.8,55.9,49.5,45.1,40.6,64.8,55.2,41.3,48.3,52,44.5,54.2,55.5,46.2,60.4,39.8,52.2,60.2,48.4,49.8,51.6,64.3,44.1,59.1,66,50.4,43.2,56.6,48.1,53.3,43.2,42.4
2019,65.4,32.2,60.3,61.2,58.4,45.3,49.8,73.2,73.2,66.2,43,52.1,52.4,46.8,53.8,57.5,67.7,40.7,56.6,48.5,43.9,39.3,65.2,55,39.9,47.5,49.9,43.3,54.3,54.5,45.2,61.3,38,52.4,59.9,47.1,49.9,50.6,65,42.3,59.8,65.9,47.9,41.9,57.5,46.5,54.2,42.1,40.3
2020,64.9,27.5,62.6,61.2,60.5,47.3,51.8,73.2,73.2,65.6,44.3,53.3,53.3,49.2,55.6,57.1,68.2,43.5,57.2,50.9,46.5,42.4,65.5,55.8,43.3,50.6,52.4,45.9,55.5,56,47.8,60.8,42.3,53,60.7,48.8,51.2,52.8,64.6,46.8,59.3,66.9,50.4,44.8,57.4,48.1,54,44.8,42.8
2021,64.2,26.5,62.1,61.3,60.4,47.5,51.4,72.2,72.2,64.6,45.4,53.8,53.5,50,56.1,57,67.5,44.2,56.8,50.8,47.4,44.3,64.7,56.3,44,51.1,52.5,46.1,55.1,55.4,47.7,60.2,43.8,53.2,60.8,49.2,51.2,52.5,63.7,48,59,66.2,50.7,45,57.1,48.3,53.6,45.8,43.6
2022,64,28.8,61.2,61.2,60.1,46.1,51,72.4,72.4,64.8,43.4,52,52.2,47.5,55.2,56.4,67.4,43.3,55.8,50.3,45.1,40,64.6,55,42.1,49.6,51.5,45.5,54.3,54.6,46.6,60.1,39.4,51.7,60.9,48.3,49.6,52.1,63.8,45.1,58.5,66.5,49.4,44.1,56.2,47.1,52.4,42.9,41.8
